call_num,customer,call_time,call_start,call_end,issue,category,priority,status,notes
5000,1009.0,2020-01-10 22:18:55,2020-01-17 13:14:35,2020-01-19 15:57:15,Computer has a virus.,Credentials,1.0,Completed,I have looked at your problem and what I am seeing is a case of Extraneous Streaming Reclock. This is caused by The monitor is plugged into the serial port. What I would like you to do is soak your computer in a rice bath.
5001,1010.0,2020-01-30 16:04:52,2020-02-07 04:37:17,2020-02-11 12:39:41,They can't log in.,Network,6.0,Completed,I have looked at your problem and what I am seeing is a case of Illegal Comms Problem. This is caused by the Quantum dynamics affecting the transistors. What I would like you to do is change your password and share it on Facebook in case you forget it and you need your friends to remind you.
5002,1018.0,2020-02-16 09:41:25,2020-02-17 13:28:47,2020-03-05 22:48:02,User has lost access to the shared drive.,Software,5.0,Completed,I have looked at your problem and what I am seeing is a case of Undiagnosable Checksum Destruction. This is caused by zombie processes haunting the computer. What I would like you to do is drill a hole through the computer casing and pour in some high-grade motor oil.
5003,1006.0,2020-03-17 16:21:19,2020-03-22 17:29:18,2020-04-01 02:16:11,Computer is too slow.,Hardware,5.0,Completed,I have looked at your problem and what I am seeing is a case of Unregistered Reception Anomoly. This is caused by evil hackers from Serbia. What I would like you to do is soak your computer in a rice bath.
5004,1020.0,2020-04-11 01:17:07,2020-04-13 16:54:11,2020-04-20 05:12:43,Computer is too slow.,Software,6.0,Completed,I have looked at your problem and what I am seeing is a case of Virtual Firmware Destruction. This is caused by electromagnetic radiation from Chinese satellite debris What I would like you to do is put a condom over your computer so it doesn't catch a virus.
5005,1008.0,2020-05-06 03:02:56,2020-05-20 06:51:38,2020-05-22 19:05:22,They've deleted files they shouldn't have.,Hardware,1.0,Completed,I have looked at your problem and what I am seeing is a symptom of Bidirectional Proxy Invalidation. This is caused by a plasma conduit breach. What I would like you to do is replace your keyboard.
5006,1019.0,2020-05-25 20:55:41,2020-05-28 01:35:56,2020-06-05 21:08:05,They've deleted files they shouldn't have.,Peripherals,5.0,Completed,I have looked at your problem and what I am seeing is a symptom of Dual-Homed Configuration Override. This is caused by a plasma conduit breach. What I would like you to do is flick the power switch of your computer on and off 30 times FAST!!.
5007,1000.0,2020-06-10 16:56:50,2020-06-21 16:58:17,2020-06-22 02:16:01,They can't log in.,Hardware,5.0,Completed,I have looked at your problem and what I am seeing is a symptom of Dual-Homed Protocol Dereferencing. This is caused by the monitor resolution being too high for current technology limits. What I would like you to do is warm-up your computer in front of a heater on the hottest setting for 6 hours.
5008,1015.0,2020-06-24 10:41:27,2020-06-25 18:12:55,2020-06-29 03:03:08,Keyboard or mouse aren't working.,Hardware,5.0,Completed,I have looked at your problem and what I am seeing is a symptom of Fatal Paging Invalidation. This is caused by radial telemetry infiltration. What I would like you to do is drop the computer from desk height to re-align the internal components.
5009,1002.0,2020-06-29 13:10:38,2020-07-02 20:39:52,2020-07-05 00:14:24,User has lost access to the shared drive.,Software,1.0,Completed,I have looked at your problem and what I am seeing is a symptom of Insufficient Handler Halt. This is caused by the Quantum dynamics affecting the transistors. What I would like you to do is  change your password and share it on Facebook in case you forget it and you need your friends to remind you.
5010,1013.0,2020-07-06 15:31:02,2020-07-07 12:35:34,2020-07-08 19:34:07,Problems with printing.,Credentials,4.0,Completed,I have looked at your problem and what I am seeing is a symptom of Migrated Library Timeout. This is caused by a high pressure system failure. What I would like you to do is remove the antivirus on your computer as it can give it autism and then install one or two viruses to boost its immune system.
5011,1011.0,2020-07-09 13:55:05,2020-07-11 23:41:47,2020-07-13 07:49:37,Internet outages.,Network,6.0,Completed,I have looked at your problem and what I am seeing is a symptom of Non-Specific Streaming Infection. This is caused by the new frame relay network hasn't bedded down the software loop transmitter yet. What I would like you to do is wash your computer with warm soapy water and then let it dry.
5012,1005.0,2020-07-14 03:31:29,2020-07-15 03:47:48,2020-07-16 01:43:47,They've deleted files they shouldn't have.,Software,3.0,Completed,"I have looked at your problem and what I am seeing is a symptom of Resignalled Hardware Unavailability. This is caused by the printer thinks its a router. What I would like you to do is change all of your passwords to  incorrect , that way when you forget, the computer will just remind you."
5013,1001.0,2020-07-20 18:21:21,2020-07-24 06:23:50,2020-08-09 14:47:36,Computer has a virus.,Hardware,1.0,Completed,I have looked at your problem and what I am seeing is a symptom of Unfiltered Software Bug. This is caused by the power company testing new voltage spike equipment. What I would like you to do is ensure you google new computers on your machine twice a day. Your computer will recognize this as a threat and increase its performance.
5014,1012.0,2020-08-14 01:47:20,2020-08-19 01:10:54,2020-09-01 20:05:43,They can't log in.,Network,1.0,Completed,"I have looked at your problem and what I am seeing is an issue of Duplicated Media Incompatibility. This is caused by your computer cables are not the same length. What I would like you to do is boost your computer's performance with a soak in water every night, the electricity will conduct better for faster computing."
5015,1014.0,2020-09-09 02:29:18,2020-09-09 22:08:01,2020-09-14 12:33:30,User has lost access to the shared drive.,Hardware,3.0,Completed,I have looked at your problem and what I am seeing is an issue of Non-Specific Resource Dump. This is caused by  serious magnetic solar flares. What I would like you to do is block all the computer s vents with tissue paper.
5016,1016.0,2020-09-27 09:03:42,2020-10-05 17:01:25,2020-10-10 14:12:29,Computer is too slow.,Credentials,1.0,Completed,I have looked at your problem and what I am seeing is an issue of Nullified Checksum Condition. This is caused by incompatible bit-registration operators. What I would like you to do is put a condom over your computer so it doesn't catch a virus.
5017,1003.0,2020-10-10 23:51:34,2020-10-12 10:37:21,2020-10-12 21:31:36,Computer is too slow.,Network,5.0,Completed,I have looked at your problem and what I am seeing is an issue of Resignalled Parameter Invalidation. This is caused by a IRQ dropout. What I would like you to do is grab the computer and turn it upside down and shake it. The bugs will fall out and your software will run flawlessly.
5018,1017.0,2020-10-13 02:44:04,2020-11-20 15:09:28,2020-12-06 05:48:10,They've deleted files they shouldn't have.,Credentials,2.0,Completed,I have looked at your problem and what I am seeing is an issue of Static Environmental Anomoly. This is caused by excess condensation in cloud network. What I would like you to do is vaccinate your computer by installing less potent malware so it builds up an immunity.
5019,1004.0,2020-12-11 02:18:17,2020-12-18 02:57:41,2020-12-18 16:32:13,Keyboard or mouse aren't working.,Hardware,1.0,Completed,I have looked at your problem and what I am seeing is an issue of Undetermined Parity Incompatibility. This is caused by the printer thinks its a router. What I would like you to do is flick the power switch of your computer on and off 30 times FAST!!.
5020,1007.0,2020-12-19 23:44:45,2020-12-24 07:53:44,2020-12-24 10:31:43,They can't log in.,Drivers,3.0,On Hold,I have looked at your problem and what I am seeing is an issue of Unreportable Initialisation Condition. This is caused by a bit bucket overflow. What I would like you to do is reformat all your hard drives in alphabetical order.
5021,1016.0,2020-12-27 12:05:33,2020-12-27 17:47:06,2020-12-28 12:59:46,Computer has a virus.,Software,3.0,On Hold,"I have looked at your problem and what we have found is a case of Aborted Integrity Crashdump. This is caused by  the software designer to use US measurements, but the OS is in metric. What I would like you to do is wrap your computer up in a pillowcase with lots of magnets and leave it overnight."
5022,1013.0,2021-01-07 13:38:58,2021-01-09 04:51:14,2021-01-11 13:34:14,Computer has a virus.,Network,6.0,On Hold,"I have looked at your problem and what we have found is a case of Bidirectional Metadata Destruction. This is caused by somebody in your team calculating pi on the server. What I would like you to do is spray the inside of your computer with bug spray, don't miss any components."
5023,1014.0,2021-01-19 08:12:47,2021-01-21 18:37:58,2021-01-22 18:56:41,Keyboard or mouse aren't working.,Drivers,2.0,On Hold,I have looked at your problem and what we have found is a case of Generic Operation Destabilisation. This is caused by fat electrons in the main network lines. What I would like you to do is soak your computer in a rice bath.
5024,1018.0,2021-01-22 22:37:56,2021-01-25 15:40:45,2021-01-28 06:03:21,Internet outages.,Software,5.0,On Hold,I have looked at your problem and what we have found is a case of Illegal Subsystem Destruction. This is caused by nesting roaches shorting out the ether cable. What I would like you to do is drill a hole through the computer casing and pour in some high-grade motor oil.
5025,1002.0,2021-02-03 16:45:54,2021-02-11 16:22:05,2021-02-14 22:31:45,User has lost access to the shared drive.,Hardware,5.0,On Hold,I have looked at your problem and what we have found is a case of Serial Synchronisation Destruction. This is caused by runt packets. What I would like you to do is order another box of pixels for the monitor from stationary.
5026,1004.0,2021-02-18 04:30:57,2021-02-23 21:38:49,2021-02-25 20:54:10,Keyboard or mouse aren't working.,Software,2.0,On Hold,I have looked at your problem and what we have found is a symptom of Intermittant Paging Halt. This is caused by piezo-electric interference. What I would like you to do is soak a rag in Ethanol and place over your fan grille to increase performance and maintain lower temperatures.
5027,1001.0,2021-03-12 04:08:02,2021-04-03 00:19:15,2021-04-10 08:45:15,Computer has a virus.,Software,4.0,On Hold,I have looked at your problem and what we have found is a symptom of Nonfatal Timing Crash. This is caused by a asynchronous inode failure. What I would like you to do is move all your important files to c:publunch.
5028,1015.0,2021-04-13 17:43:50,2021-04-14 06:58:49,2021-04-29 15:15:02,User has lost access to the shared drive.,Software,5.0,On Hold,I have looked at your problem and what we have found is a symptom of Non-Valid Memory Stackdump. This is caused by radiosity depletion becaused by Space X satalite launches. What I would like you to do is block all the computer s vents with tissue paper.
5029,1005.0,2021-05-09 13:43:41,2021-05-15 08:34:40,2021-05-17 04:52:57,Computer is too slow.,Credentials,6.0,On Hold,I have looked at your problem and what we have found is a symptom of Serious Installation Exhaustion. This is caused by the Digital Manipulator exceeding velocity parameters. What I would like you to do is stick your computer into the kitchen oven for 20 minutes on high.
5030,1019.0,2021-05-20 14:45:47,2021-06-02 19:51:16,2021-06-28 07:21:49,Computer is too slow.,Drivers,5.0,On Hold,I have looked at your problem and what we have found is an issue of Redundant Checksum Override. This is caused by an improperly oriented keyboard. What I would like you to do is replace your mouse.
5031,1011.0,2021-06-30 19:28:44,2021-07-05 19:01:52,2021-07-06 16:55:30,Computer has a virus.,Drivers,6.0,On Hold,I have looked at your problem and what we have found is an issue of Redundant Subsystem Destabilisation. This is caused by broadcast packets on wrong frequency. What I would like you to do is wrap the computer in aluminum foil and hide it.
5032,1006.0,2021-07-28 12:25:47,2021-08-01 00:41:59,2021-08-11 19:29:26,Problems with printing.,Peripherals,2.0,On Hold,I have looked at your problem and what we have found is an issue of Replicated Parameter Seizure. This is caused by a collapsed Backbone. What I would like you to do is wind the brightness knob down on your monitor to reduce radiation.
5033,1007.0,2021-08-19 20:24:39,2021-08-22 00:14:57,2021-08-23 08:18:29,Computer has a virus.,Software,3.0,On Hold,I have looked at your problem and what we have found is an issue of Total Array Crash. This is caused by  serious magnetic solar flares. What I would like you to do is keep your identity safe on the internet by wearing a hoodie while you're at the computer.
5034,1008.0,2021-08-25 15:17:08,2021-08-28 18:48:45,2021-09-02 01:05:02,Internet outages.,Credentials,4.0,On Hold,I have looked at your problem and what we have found is an issue of Unfiltered Media Crashdump. This is caused by excess condensation in cloud network. What I would like you to do is use one or more small rodents to chew off any excess residue off the motherboard. Ensure the computer is switched on when you do this.
5035,1020.0,2021-09-07 08:16:10,2021-09-09 17:15:46,2021-09-16 03:46:22,Computer is too slow.,Network,1.0,On Hold,I have looked at your problem and what we have found is an issue of Unsupported Request Incompatibility. This is caused by a stale file handler. What I would like you to do is stick your computer into the kitchen oven for 20 minutes on high.
5036,1000.0,2021-09-17 20:38:57,2021-09-20 17:10:45,,Computer has a virus.,Credentials,6.0,In Progress,I have looked at your problem and what we have here is a case of Delayed Execution Lockout. This is caused by a IRQ dropout. What I would like you to do is stick your computer into the kitchen oven for 20 minutes on high.
5037,1010.0,2021-09-29 09:27:21,2021-09-30 04:01:35,,They can't log in.,Peripherals,5.0,In Progress,I have looked at your problem and what we have here is a case of Extraneous Encryption Exhaustion. This is caused by cellular telephone interference. What I would like you to do is firmly put your hands on either side of your computer so it knows you mean business and give it a good smack so it REALLY knows it needs to do its job.
5038,1012.0,2021-10-14 12:09:00,2021-10-26 19:02:12,,They've deleted files they shouldn't have.,Drivers,3.0,In Progress,"I have looked at your problem and what we have here is a case of Illegal Decryption Dump. This is caused by a transient bus protocol violation. What I would like you to do is remove the hard drive, wrap it in tin foil and heat it in the microwave for 15 minutes."
5039,1003.0,2021-10-28 01:53:17,2021-11-03 10:06:08,,Problems with printing.,Credentials,5.0,In Progress,I have looked at your problem and what we have here is a case of Inherent Loading Problem. This is caused by a collapsed Backbone. What I would like you to do is tape AA batteries to your ethernet cable to increase network speed.
5040,1017.0,2021-11-05 04:43:24,2021-11-05 23:07:35,,They can't log in.,Network,2.0,In Progress,"I have looked at your problem and what we have here is a case of Invalid Swapfile Interruption. This is caused by coolent leak due to global warming. What I would like you to do is I don't think this job is for you, turn off your computer, you've got bags to pack and a life to start over..."
5041,1009.0,2021-11-13 02:52:27,2021-11-16 04:51:59,,Computer is too slow.,Hardware,2.0,In Progress,I have looked at your problem and what we have here is a case of Minor Checksum Desynchronisation. This is caused by floating point processor overflow. What I would like you to do is reboot the computer.
5042,1003.0,2021-11-21 04:17:54,2021-11-25 18:57:22,,Problems with printing.,Hardware,2.0,In Progress,I have looked at your problem and what we have here is a case of Undetermined Topology Dump. This is caused by nesting roaches shorting out the ether cable. What I would like you to do is fill up the vent slots with some dough to reduce noise and increase performance.
5043,1009.0,2021-12-06 11:46:06,2021-12-09 19:15:33,,They've deleted files they shouldn't have.,Hardware,3.0,In Progress,I have looked at your problem and what we have here is a symptom of Localised Streaming Invalidation. This is caused by The salesman drove over the CPU board. What I would like you to do is soak a rag in Ethanol and place over your fan grille to increase performance and maintain lower temperatures.
5044,1012.0,2021-12-23 13:40:49,2021-12-27 00:42:39,,User has lost access to the shared drive.,Peripherals,5.0,In Progress,"I have looked at your problem and what we have here is a symptom of Non-Static Environmental Bug. This is caused by  no ""any"" key on keyboard. What I would like you to do is open the case of your computer and spray the inside of the drive with WD-40."
5045,1019.0,2022-01-06 02:11:21,2022-01-08 23:46:27,,Internet outages.,Software,3.0,In Progress,I have looked at your problem and what we have here is a symptom of Undiagnosable Topology Condition. This is caused by broadcast packets on wrong frequency. What I would like you to do is remove the hard drive and place into the freezer overnight to free the platters.
5046,1006.0,2022-02-02 17:55:48,2022-02-05 00:15:47,,Computer has a virus.,Credentials,6.0,In Progress,"I have looked at your problem and what we have here is an issue of Extraneous Gateway Anomoly. This is caused by a Plumber mistaking the routing panel for a decorative wall fixture. What I would like you to do is change all of your passwords to  incorrect , that way when you forget, the computer will just remind you."
5047,1013.0,2022-02-06 22:52:29,2022-02-08 02:16:58,,Computer has a virus.,Network,5.0,In Progress,I have looked at your problem and what we have here is an issue of Insufficient Retrieval Infection. This is caused by incompatible bit-registration operators. What I would like you to do is soak a rag in Ethanol and place over your fan grille to increase performance and maintain lower temperatures.
5048,1008.0,2022-03-07 10:47:07,2022-03-22 21:04:33,,They can't log in.,Network,6.0,In Progress,I have looked at your problem and what we have here is an issue of Migrated Bus Rejection. This is caused by a IRQ dropout. What I would like you to do is turn it off and on again.
5049,1005.0,2022-03-28 05:41:31,,,Internet outages.,Network,2.0,Queued,I have looked at your problem and what we have here is an issue of Multiple Syntax Overflow. This is caused by tachyon emissions overloading the system. What I would like you to do is ensure you google new computers on your machine twice a day. Your computer will recognize this as a threat and increase its performance.
5050,1017.0,2022-04-06 03:45:56,,,Keyboard or mouse aren't working.,Hardware,4.0,Queued,I have looked at your problem and what we have here is an issue of Multiplexed Request Exhaustion. This is caused by the Quantum dynamics affecting the transistors. What I would like you to do is remove the antivirus on your computer as it can give it autism and then install one or two viruses to boost its immune system.
5051,1018.0,2022-04-23 03:14:26,,,Problems with printing.,Network,6.0,Queued,I have looked at your problem and what we have here is an issue of Multiplexed Subsystem Corruption. This is caused by the Write-only-memory subsystem is too slow for this machine. What I would like you to do is move all your important files to c:publunch.
5052,1020.0,2022-05-22 14:55:33,,,Keyboard or mouse aren't working.,Credentials,5.0,Queued,I have looked at your problem and what we have here is an issue of Non-Replicated Subsystem Overflow. This is caused by a bit bucket overflow. What I would like you to do is take the red pill and head down the rabbit hole.
5053,1016.0,2022-06-12 01:21:33,,,User has lost access to the shared drive.,Drivers,6.0,Queued,I have looked at your problem and what we have here is an issue of Non-Valid Logic-Subsystem Dereferencing. This is caused by evil hackers from Serbia. What I would like you to do is install as many viruses to your computer as possible to give it natural immunities and cause it to produce antibodies.
5054,1014.0,2022-07-10 05:33:31,,,They've deleted files they shouldn't have.,Hardware,3.0,Queued,I have looked at your problem and what we have here is an issue of Serial Comms Expiry. This is caused by magnetic interference from credit cards and pass keys. What I would like you to do is turn off the firewall to keep your computer cool and increase performance.
5055,1007.0,2022-08-03 08:22:20,,,They've deleted files they shouldn't have.,Software,2.0,Queued,I have looked at your problem and what we have here is an issue of Synchronous Programming Invalidation. This is caused by magnetic interference from credit cards and pass keys. What I would like you to do is switch to a smaller monitor to reduce the size of the download bar and speed up internet downloads.
5056,1004.0,2022-08-12 09:53:06,2022-12-10 00:55:42,2022-12-10 01:14:34,"They can't log in.

",Credentials,1.0,Queued,"I have looked at your problem and what we have here is an issue of Temporary Hardware Invalidation. This is caused by your parity check being overdrawn and you're out of cache. What I would like you to do is adjust your CPU-angle to compensate for vibrations coming from the nearby road.

"
5057,1002.0,2022-08-14 07:13:32,,,Computer has a virus.,Network,4.0,Queued,I have looked at your problem and what we have here is an issue of Undiagnosable Timing Incompatibility. This is caused by the user to computer ration being too low. What I would like you to do is wiggle Your Mouse furiously to speed up your computer performance.
5058,1001.0,2022-08-24 18:37:08,,,Computer has a virus.,Peripherals,5.0,Queued,I have looked at your problem and what we have here is an issue of Unvalidated Peripheral Condition. This is caused by network packets travelling uphill. What I would like you to do is change your password to Password1234.
5059,1010.0,2022-09-05 12:11:40,,,They can't log in.,Hardware,6.0,Queued,I have looked at your problem and what we have here is an issue of Unvalidated Swapfile Interruption. This is caused by vapors from evaporating sticky-note adhesives. What I would like you to do is ensure you google new computers on your machine twice a day. Your computer will recognize this as a threat and increase its performance.
5060,1015.0,2022-09-15 05:44:43,,,They can't log in.,Credentials,3.0,Queued,I have looked at your problem and what we have here is a case of Major Parameter Seizure. This is caused by coolent leak due to global warming. What I would like you to do is send your computer back to the manufacturer for a redesign.
5061,1011.0,2022-09-27 07:19:09,,,They've deleted files they shouldn't have.,Hardware,3.0,Queued,"I have looked at your problem and what we have found is a case of Permanent Execution Underflow. This is caused by excessive bitcoin mining during lunch hours. What I would like you to do is I don't think this job is for you, turn off your computer, you've got bags to pack and a life to start over..."
5062,1000.0,2022-10-03 22:13:45,,,They can't log in.,Credentials,2.0,Queued,I have looked at your problem and what we have here is a case of Static File Seizure. This is caused by the printer thinks its a router. What I would like you to do is order a new set of motherboard bearings from logistics.
5066,1000.0,2022-12-10 01:13:38,2022-12-10 01:14:57,2022-12-10 01:15:02,"I BROKE THE INTERNET!!!

",Network,1.0,Queued,"False alarm, the internet is just fine :D
"
